time,open,high,low,close,volume,
1.63E+12,49069.9,49099,49051.39,49056.9,48.41149,
1.63E+12,49056.91,49056.91,49002.81,49023.42,36.30527,
1.63E+12,49023.41,49123.48,49002.08,49093.07,94.80708,
1.63E+12,49093.07,49129.08,49072.27,49117.05,53.31277,
1.63E+12,49117.06,49156,49102,49155.05,81.611099,
1.63E+12,49155.04,49174.61,49124.43,49174.6,57.938017,
1.63E+12,49174.6,49200,49146.74,49191.77,177.753244,
1.63E+12,49191.8,49199.96,49105.98,49140.73,60.45385,
1.63E+12,49141.76,49171.95,49119,49154.39,20.16228,
1.63E+12,49154.39,49160,49116.27,49119.97,30.70633,
1.63E+12,49119.96,49129.04,49070.97,49072.51,34.40037,
1.63E+12,49072.5,49083.81,49031.7,49037.89,32.30931,
1.63E+12,49037.89,49042.03,49016.08,49027.33,27.20684,
1.63E+12,49027.34,49027.34,48993.56,49011.66,49.50336,
1.63E+12,49011.65,49023.93,48998.61,49016.96,36.78992,
1.63E+12,49016.97,49016.97,48930,48930.89,30.87202,
1.63E+12,48930.89,48935.6,48883.67,48899.96,67.87226,
1.63E+12,48899.97,48927.31,48867.76,48869.94,40.36868,
1.63E+12,48869.93,48908.74,48835,48901.85,42.95546,
1.63E+12,48901.84,48971.49,48901.84,48961.48,35.59595,
1.63E+12,48961.48,48973.1,48931.98,48949.28,18.04959,
1.63E+12,48949.28,48952.63,48900.61,48905,18.26695,
1.63E+12,48904.99,48948.67,48882.87,48941.2,23.276,
1.63E+12,48941.2,48949.78,48921.82,48939.67,14.22249,
1.63E+12,48939.66,48955.8,48923.66,48930.61,22.12807,
1.63E+12,48930.61,48955.36,48930.6,48955.35,16.07234,
1.63E+12,48955.35,48975.81,48919.09,48936.83,25.31693,
1.63E+12,48936.82,48978.61,48923.62,48977.29,15.12857,
1.63E+12,48977.28,48988.68,48964.18,48986.88,17.8718,
1.63E+12,48986.87,49032.43,48986.87,49026.62,17.96965,
1.63E+12,49026.62,49050,49020.5,49049.99,20.59199,
1.63E+12,49049.99,49123.62,49048.77,49121.22,54.52855,
1.63E+12,49121.23,49161.26,49091.03,49132.55,49.20743,
1.63E+12,49132.54,49273,49128.84,49176.61,186.559425,
1.63E+12,49176.61,49178.92,49127.65,49128.71,34.87389,
1.63E+12,49128.71,49141.99,49068.89,49117.17,35.94742,
1.63E+12,49110.83,49156.19,49069,49074.27,30.99928,
1.63E+12,49074.27,49149.58,49061.99,49115.77,24.21175,
1.63E+12,49115.77,49160.49,49109.69,49153.53,23.18001,
1.63E+12,49153.53,49220,49150,49220,36.34768,
1.63E+12,49220,49237.99,49169.02,49234.25,37.9788,
1.63E+12,49234.25,49249.99,49211.18,49239.87,29.06187,
1.63E+12,49239.87,49248,49174.29,49174.77,32.21602,
1.63E+12,49174.77,49205.65,49153.22,49200,32.59116,
1.63E+12,49199.99,49215.13,49117,49142.37,53.42411,
1.63E+12,49142.38,49227.76,49142.37,49219.99,36.78967,
1.63E+12,49219.99,49226.05,49204.8,49214.5,36.84579,
1.63E+12,49214.49,49231.65,49192.06,49231.65,25.28666,
1.63E+12,49231.64,49262.43,49213.17,49253.1,35.84378,
1.63E+12,49253.1,49299,49207.97,49219.46,87.62775,
1.63E+12,49221.85,49272.81,49207.73,49244.95,32.89365,
1.63E+12,49244.95,49272.82,49244.95,49256.46,23.28733,
1.63E+12,49256.47,49284.2,49244.09,49259.89,23.33985,
1.63E+12,49259.88,49276.26,49236.85,49247.06,21.50437,
1.63E+12,49247.06,49270.76,49220.01,49254.33,31.24412,
1.63E+12,49246.9,49246.91,49187.54,49204.51,29.97139,
1.63E+12,49204.51,49227.47,49165.5,49186.01,30.10228,
1.63E+12,49186.01,49243.26,49186,49217.76,33.1023,
1.63E+12,49217.76,49249.98,49217.75,49239.84,17.98296,
1.63E+12,49239.84,49249.95,49226,49245.01,21.24056,
1.63E+12,49245,49289.99,49236.63,49280.63,85.36767,
1.63E+12,49280.62,49290,49244.61,49248.56,32.25978,
1.63E+12,49248.56,49250.27,49215.83,49232.51,32.40761,
1.63E+12,49232.5,49234.42,49170.48,49180.25,37.70301,
1.63E+12,49180.26,49211.55,49160,49163.67,71.31639,
1.63E+12,49163.67,49204.32,49155.01,49170,28.65138,
1.63E+12,49169.99,49179.66,49146.9,49146.98,29.30442,
1.63E+12,49146.99,49160.31,49135.22,49148.03,25.30049,
1.63E+12,49148.04,49171.67,49102.08,49129.15,77.28421,
1.63E+12,49129.14,49168.65,49116.73,49121.92,41.36228,
1.63E+12,49121.91,49171.99,49111.68,49160.16,43.47604,
1.63E+12,49160.16,49180,49106.74,49141.66,29.02707,
1.63E+12,49141.67,49161.31,49132.3,49149.81,22.26941,
1.63E+12,49149.81,49149.82,49107.11,49111.73,21.94063,
1.63E+12,49111.73,49127.2,49091.39,49101.99,23.83999,
1.63E+12,49101.98,49137.64,49080.99,49101.95,39.7446,
1.63E+12,49101.95,49117.82,49080.55,49108.76,33.93254,
1.63E+12,49108.76,49113.77,49077.99,49089.89,21.74699,
1.63E+12,49089.89,49120,49086.18,49091.24,22.03252,
1.63E+12,49091.23,49095.43,49071.42,49090.76,31.71333,
1.63E+12,49090.77,49121.59,49090.76,49110.12,22.35895,
1.63E+12,49110.11,49145.76,49110.11,49133.52,21.44718,
1.63E+12,49133.52,49163.12,49123.01,49150.86,45.64166,
1.63E+12,49150.86,49160,49123.03,49145.84,22.48721,
1.63E+12,49145.83,49160.31,49114.02,49125.47,27.38877,
1.63E+12,49125.46,49142.88,49119.59,49125.45,17.08325,
1.63E+12,49125.45,49149.98,49108.63,49133.89,18.49051,
1.63E+12,49133.88,49148.89,49082.44,49097.49,28.2415,
1.63E+12,49097.5,49105.6,49078.39,49081.85,17.32596,
1.63E+12,49081.85,49097.18,49056.55,49084.69,35.86769,
1.63E+12,49084.68,49121.29,49072.68,49112.96,31.54821,
1.63E+12,49112.97,49129.72,49096.03,49123.32,17.68509,
1.63E+12,49123.31,49124.9,49101.51,49112.6,15.84547,
1.63E+12,49112.59,49122.97,49095.92,49098.98,17.33071,
1.63E+12,49098.97,49113.88,49088.32,49102.49,14.51043,
1.63E+12,49102.49,49125.85,49102.49,49116.86,20.22122,
1.63E+12,49119.29,49140.07,49114.6,49119.36,22.51968,
1.63E+12,49119.35,49129.94,49094.54,49099.97,16.20316,
1.63E+12,49099.97,49099.98,49042.59,49078.07,28.29475,
1.63E+12,49078.06,49078.07,49055.68,49059.39,9.10459,
1.63E+12,49059.39,49066.62,49035.41,49056.03,17.94067,
1.63E+12,49056.02,49099.97,49021.59,49090,35.0296,
1.63E+12,49090,49130.22,49084.23,49127.02,31.70891,
1.63E+12,49127.02,49131.85,49114.96,49114.97,7.02367,
1.63E+12,49114.96,49126.99,49110.02,49126.98,6.34055,
1.63E+12,49126.98,49136.35,49115.36,49132.66,5.60572,
1.63E+12,49132.65,49165.84,49132.65,49159.7,10.19148,
1.63E+12,49159.69,49179.99,49159.69,49176.37,18.3836,
1.63E+12,49176.38,49180.01,49151.51,49155.81,10.44461,
1.63E+12,49155.81,49169.98,49150,49166.29,10.86753,
1.63E+12,49166.29,49169.29,49150.01,49150.02,14.54425,
1.63E+12,49150.01,49170,49139,49139.79,7.69567,
1.63E+12,49139.79,49153.66,49139.78,49148.24,5.05089,
1.63E+12,49148.25,49148.25,49123.92,49124.53,6.96891,
1.63E+12,49124.53,49146.87,49110,49143.81,7.10132,
1.63E+12,49143.81,49167.45,49134.34,49158.51,13.1003,
1.63E+12,49155.05,49159.45,49134.34,49140.91,8.26918,
1.63E+12,49140.91,49142.83,49122.06,49122.06,10.23819,
1.63E+12,49122.07,49122.85,49103.02,49103.02,5.84145,
1.63E+12,49103.03,49150,49095.41,49141.51,7.61847,
1.63E+12,49141.51,49141.52,49110.79,49116.34,6.53967,
1.63E+12,49116.34,49127.96,49092.15,49092.15,7.40114,
1.63E+12,49092.16,49096.99,49085.6,49092.4,9.91701,
1.63E+12,49092.4,49097,49082.71,49086.39,8.40511,
1.63E+12,49086.4,49086.4,49056.26,49059.97,19.03083,
1.63E+12,49059.97,49060,49055.55,49059.99,16.11137,
1.63E+12,49060,49060,49029.99,49033.33,15.82936,
1.63E+12,49033.32,49074.41,49022.47,49050.01,19.04581,
1.63E+12,49050.01,49050.01,49010.95,49020.01,17.42135,
1.63E+12,49020,49020.01,48984.58,48987.98,26.74685,
1.63E+12,48987.98,49021,48977.57,49019.18,24.15054,
1.63E+12,49019.18,49054.87,49018.85,49053.99,12.32638,
1.63E+12,49053.99,49064.89,49033.36,49035.2,6.92205,
1.63E+12,49035.2,49055.78,49032.88,49037.4,5.68817,
1.63E+12,49037.39,49039.99,49035.34,49035.35,6.44539,
1.63E+12,49035.34,49080.43,49035.34,49079.28,11.3023,
1.63E+12,49079.28,49095,49069.79,49088.01,7.64179,
1.63E+12,49088.02,49088.02,49055.86,49064.83,5.06712,
1.63E+12,49064.84,49068.89,49041.01,49042.35,9.61137,
1.63E+12,49042.35,49060,49035.19,49035.2,11.75224,
1.63E+12,49035.2,49037.31,48985.2,48987.9,14.33511,
1.63E+12,48987.89,48996.85,48975.81,48991.41,18.12541,
1.63E+12,48991.41,49038.11,48984.66,49016.15,13.44613,
1.63E+12,49016.15,49036.65,49016.14,49024.55,10.72707,
1.63E+12,49024.55,49028.87,48991.33,48991.36,9.61112,
1.63E+12,48991.36,49054.12,48987.5,49050.16,17.56884,
1.63E+12,49050.15,49050.79,49037,49050.77,11.29822,
1.63E+12,49050.77,49050.78,49014.62,49022.99,9.97089,
1.63E+12,49022.99,49033.42,49018.95,49031.51,24.08139,
1.63E+12,49031.52,49055,49018.96,49044.35,10.5834,
1.63E+12,49044.35,49050,49028.35,49028.36,8.71977,
1.63E+12,49028.35,49050,49028.35,49048.61,10.94974,
1.63E+12,49048.61,49048.86,49018,49018.03,13.81473,
1.63E+12,49018.03,49031.37,49002.21,49004.85,21.2858,
1.63E+12,49004.84,49012.69,48971.16,48972.14,10.61872,
1.63E+12,48972.14,48991.24,48956.64,48960.31,14.25685,
1.63E+12,48960.31,48960.32,48900,48909.96,59.1405,
1.63E+12,48909.97,48909.97,48890.71,48893.63,22.20261,
1.63E+12,48894.29,48897.74,48856,48863.65,32.98952,
1.63E+12,48863.65,48889.88,48851.18,48852.71,27.74954,
1.63E+12,48852.72,48919.34,48852.72,48914.35,29.66311,
1.63E+12,48914.35,48915.77,48879.5,48904.96,13.3775,
1.63E+12,48904.97,48928.93,48904.96,48923.78,12.83979,
1.63E+12,48923.77,48956,48920.42,48954.71,15.40183,
1.63E+12,48954.71,48954.71,48927,48945.03,14.38401,
1.63E+12,48945.03,48954.71,48945.02,48948,12.90802,
1.63E+12,48948,48968.31,48906.97,48912.17,32.48191,
1.63E+12,48912.17,48936.8,48907.47,48921,10.87181,
1.63E+12,48921.01,48952.22,48921,48942.3,16.64295,
1.63E+12,48942.3,48945.01,48901.82,48901.83,6.99101,
1.63E+12,48901.83,48943.1,48901.82,48942.99,13.80358,
1.63E+12,48943,48973.57,48942.99,48973.56,9.59117,
1.63E+12,48973.56,48973.57,48946.73,48967.87,14.60977,
1.63E+12,48967.87,48967.88,48937.22,48955.01,15.01665,
1.63E+12,48955.01,48967.88,48926.99,48967.87,14.49862,
1.63E+12,48967.88,48999.09,48967.18,48976.24,17.14881,
1.63E+12,48976.23,48983.2,48969.16,48980,6.82637,
1.63E+12,48980,48992,48971.74,48991.99,6.67338,
1.63E+12,48992,48995.2,48941.08,48943.47,6.63904,
1.63E+12,48943.46,48968.78,48933.74,48939.9,10.58921,
1.63E+12,48939.9,48979.99,48932.78,48974.48,21.7273,
1.63E+12,48974.48,48998.99,48969.99,48994.46,10.84972,
1.63E+12,48994.46,48999.98,48965.94,48973.02,15.48769,
1.63E+12,48973.02,48985.27,48950,48950,6.82901,
1.63E+12,48950,48958,48932.53,48934.93,6.04803,
1.63E+12,48934.92,48969.45,48930.81,48965.75,10.72081,
1.63E+12,48965.75,48969.44,48944.74,48958.99,9.24074,
1.63E+12,48959,48959,48927.1,48953.66,7.69712,
1.63E+12,48953.66,48955.99,48911.54,48915.44,20.41619,
1.63E+12,48915.45,48937.32,48907.3,48910.99,7.17502,
1.63E+12,48911,48911,48888,48890.44,36.13018,
1.63E+12,48890.44,48900,48888,48888,11.18646,
1.63E+12,48888.01,48900,48855.73,48897.78,49.82411,
1.63E+12,48897.78,48900,48872.5,48874.36,7.28616,
1.63E+12,48874.37,48932.31,48874.36,48927.99,31.55104,
1.63E+12,48927.98,48932.32,48916.88,48928.32,12.29878,
1.63E+12,48928.33,48948.73,48920,48945.35,11.50458,
1.63E+12,48945.34,48964.5,48945.34,48958.19,19.01972,
1.63E+12,48958.2,48979.57,48935.42,48975.16,12.19207,
1.63E+12,48975.16,48978.54,48950.21,48950.21,12.44669,
1.63E+12,48950.21,48976.91,48940.65,48974.64,18.74022,
1.63E+12,48974.64,48974.65,48954.29,48958.43,12.47514,
1.63E+12,48958.44,48964.1,48952.73,48957.53,8.11825,
1.63E+12,48957.53,48963.54,48940,48940,9.74772,
1.63E+12,48940.01,48948.7,48926,48926.03,7.57984,
1.63E+12,48926.03,48975,48925,48964.63,37.19538,
1.63E+12,48964.64,48970.67,48959,48970.66,10.79663,
1.63E+12,48970.66,48970.67,48956.77,48956.78,5.99338,
1.63E+12,48956.78,48963,48951.28,48959.82,17.27664,
1.63E+12,48959.82,48965,48952.25,48961.24,11.33015,
1.63E+12,48961.24,48976.69,48953,48976.68,25.96556,
1.63E+12,48976.68,49000,48976.68,48994.22,28.29617,
1.63E+12,48994.21,49000,48987.11,49000,15.21663,
1.63E+12,49000,49019.24,48987.44,49019.24,21.62678,
1.63E+12,49019.23,49027.24,48982.06,49015.13,24.68773,
1.63E+12,49015.12,49039.88,48994.67,49030.02,20.58413,
1.63E+12,49030.01,49039.98,49000.48,49011.87,12.70516,
1.63E+12,49011.86,49011.87,48981.79,48981.8,7.74256,
1.63E+12,48981.79,48981.8,48970.34,48973,3.57317,
1.63E+12,48973,48992.65,48965,48965.01,10.97075,
1.63E+12,48965,48965.01,48928.85,48932.12,11.4994,
1.63E+12,48932.13,48956.75,48930,48935.99,7.72531,
1.63E+12,48936,48955.01,48932.72,48940.01,6.72184,
1.63E+12,48938.03,48954.28,48934.79,48947.73,5.45458,
1.63E+12,48947.72,48955.98,48939.99,48946.27,5.97505,
1.63E+12,48946.27,48954.34,48918.69,48920.36,7.03125,
1.63E+12,48920.36,48920.36,48894.12,48894.12,12.05969,
1.63E+12,48895.54,48907.06,48874,48878.56,21.3959,
1.63E+12,48878.57,48897.28,48867.53,48870.59,11.77231,
1.63E+12,48870.58,48928.35,48870.58,48922.63,15.8654,
1.63E+12,48922.63,48925.79,48894.15,48894.16,12.34401,
1.63E+12,48894.16,48894.16,48870.59,48882.95,10.18403,
1.63E+12,48881.45,48904.99,48877.49,48888.24,11.39225,
1.63E+12,48888.24,48889.7,48875.08,48877.74,4.84027,
1.63E+12,48877.73,48935.55,48870.91,48897.87,14.02132,
1.63E+12,48897.86,48924.68,48897.86,48914.61,12.05896,
1.63E+12,48914.61,48917.35,48894.13,48894.99,5.5106,
1.63E+12,48895,48897.2,48870,48890.73,14.89229,
1.63E+12,48890.73,48894.12,48862.93,48867.32,20.43172,
1.63E+12,48867.32,48879.86,48844.35,48852.99,12.10782,
1.63E+12,48853,48961.98,48848.09,48939.21,42.78363,
1.63E+12,48939.22,48949.63,48931.9,48938.13,15.89869,
1.63E+12,48938.12,48960,48932.33,48952.73,26.24591,
1.63E+12,48952.72,48963.12,48943.51,48958.47,15.77876,
1.63E+12,48958.46,48958.47,48934.72,48948.21,14.1454,
1.63E+12,48948.21,48984.45,48942.54,48984.44,11.97031,
1.63E+12,48984.44,49038,48972.66,49021.59,45.18655,
1.63E+12,49021.59,49021.59,48990.78,48990.79,12.1859,
1.63E+12,48990.79,49050,48990.79,49023.59,23.20953,
1.63E+12,49023.59,49049.99,49017.96,49036.18,24.86218,
1.63E+12,49036.17,49036.18,49000,49000,13.6504,
1.63E+12,49000,49002.1,48990.7,48992.63,2.48477,
1.63E+12,48992.62,48996.32,48976.8,48980.14,3.49121,
1.63E+12,48980.14,48980.15,48957.2,48970.59,5.5833,
1.63E+12,48970.58,48995.97,48937.5,48940.07,13.71034,
1.63E+12,48940.06,48990,48925.56,48989.99,14.67773,
1.63E+12,48990,48999.99,48975.64,48995.44,9.3795,
1.63E+12,48995.45,49022.13,48983,49022.13,18.72199,
1.63E+12,49022.12,49030,49009.82,49030,23.28411,
1.63E+12,49029.99,49048.56,49006.16,49040.42,16.68862,
1.63E+12,49040.43,49074.13,49040.43,49059,32.35509,
1.63E+12,49059,49074.81,49035.37,49039.23,21.75085,
1.63E+12,49039.23,49061,49020,49026.67,58.45155,
1.63E+12,49026.68,49026.68,49011.82,49015.74,8.16824,
1.63E+12,49015.73,49025.97,49015.73,49025.37,6.02833,
1.63E+12,49025.37,49025.38,49001.94,49015.41,8.52911,
1.63E+12,49015.4,49015.41,48993.02,48993.02,10.55184,
1.63E+12,48993.03,49002.09,48975.69,48989.31,11.88003,
1.63E+12,48989.31,49002.69,48975,48980.12,4.34663,
1.63E+12,48980.12,49004.21,48966.24,48970.3,13.91469,
1.63E+12,48970.3,48973.8,48966.46,48966.5,4.92327,
1.63E+12,48966.5,48975.69,48938.3,48938.31,14.51103,
1.63E+12,48938.31,48963.03,48905,48925.46,11.75537,
1.63E+12,48925.46,48956.39,48925.46,48943.68,5.7946,
1.63E+12,48943.68,48954.32,48931.26,48934.11,6.80886,
1.63E+12,48930.63,48964.09,48918.32,48960.5,11.02334,
1.63E+12,48960.5,48974.08,48957.52,48963.29,4.84721,
1.63E+12,48963.3,48963.3,48946.34,48946.97,5.22813,
1.63E+12,48946.96,48968.58,48936.98,48964.63,14.37937,
1.63E+12,48964.63,48966.04,48943.32,48943.33,10.54416,
1.63E+12,48943.32,48997.4,48943.32,48995.69,19.79166,
1.63E+12,48995.69,48997.83,48986.72,48991.51,11.23496,
1.63E+12,48991.52,49014.38,48990.61,49013.98,9.12822,
1.63E+12,49013.98,49016.22,48975.92,48979.37,18.04669,
1.63E+12,48979.38,48980.83,48959.18,48959.19,9.65187,
1.63E+12,48959.19,48959.19,48933.69,48940.93,9.75753,
1.63E+12,48940.93,48959.19,48935.37,48954.12,7.45051,
1.63E+12,48954.13,48956.39,48940.01,48943.24,5.14009,
1.63E+12,48943.25,48961.16,48930.5,48953.62,8.10134,
1.63E+12,48953.62,48988.62,48953.62,48980.41,8.29147,
1.63E+12,48980.4,49009.98,48978.85,49005.7,12.8814,
1.63E+12,49002.09,49005.71,48992.82,48999.42,7.59211,
1.63E+12,48999.42,49022.88,48985,49004.23,14.39694,
1.63E+12,49004.23,49006.35,48979.84,48985.02,11.78026,
1.63E+12,48985.03,48985.03,48965.65,48965.66,3.17435,
1.63E+12,48965.66,48992.96,48958.42,48990.67,7.06793,
1.63E+12,48990.68,49000,48985.05,49000,9.85351,
1.63E+12,48999.99,49015.16,48980,48984.8,5.7384,
1.63E+12,48984.8,48987.14,48975.48,48977.01,3.46462,
1.63E+12,48977.01,48977.01,48942.56,48954.66,9.78455,
1.63E+12,48954.67,48960,48928.96,48931.42,11.20529,
1.63E+12,48931.42,48935,48920.3,48927.61,13.67929,
1.63E+12,48927.61,48945,48913.92,48918.17,25.50456,
1.63E+12,48918.17,48918.17,48903.62,48905,6.56647,
1.63E+12,48904.99,48931.94,48900,48900.11,10.30727,
1.63E+12,48900.12,48908.67,48880.74,48880.75,13.62778,
1.63E+12,48880.74,48895.21,48877.55,48888.91,10.53067,
1.63E+12,48888.91,48914.43,48888.91,48903.65,11.0799,
1.63E+12,48903.65,48945.1,48903.65,48927.75,9.57045,
1.63E+12,48927.75,48928.48,48901.45,48904.31,4.30212,
1.63E+12,48904.3,48950,48904.3,48948.41,10.01638,
1.63E+12,48943.24,48956.12,48936.5,48948.36,12.51871,
1.63E+12,48948.36,48962.71,48948.35,48955.52,8.88254,
1.63E+12,48955.52,48965.25,48935.68,48953.64,4.73102,
1.63E+12,48953.64,48966.46,48944.66,48950,4.90787,
1.63E+12,48950,48974,48950,48973.99,6.5651,
1.63E+12,48973.99,48997.85,48969.99,48996.87,15.65902,
1.63E+12,48996.88,48996.88,48989.04,48992.52,4.99494,
1.63E+12,48992.51,49013.91,48990,49007.78,13.14145,
1.63E+12,49007.77,49013.16,48990.01,49011.27,12.24874,
1.63E+12,49011.27,49013.79,49001.01,49011.69,8.96526,
1.63E+12,49011.7,49013.91,48991.54,49004.27,30.61204,
1.63E+12,49004.28,49024.55,49004.27,49015.79,5.06957,
1.63E+12,49015.8,49015.8,48990.01,48996.08,7.80555,
1.63E+12,48996.08,49008.64,48978.05,49004.01,9.42327,
1.63E+12,49004.01,49004.02,48981.23,48985.73,5.73159,
1.63E+12,48985.72,48985.72,48971.22,48979.07,5.35218,
1.63E+12,48979.07,48998.98,48956.91,48985.71,26.05482,
1.63E+12,48985.71,49003,48978.95,49003,27.72414,
1.63E+12,49002.99,49003,48984.05,48991.31,7.86486,
1.63E+12,48991.31,49013.1,48990,49011.62,8.62608,
1.63E+12,49011.62,49011.63,48969.27,48973.73,8.19569,
1.63E+12,48973.73,48983.01,48964.76,48968.52,13.90319,
1.63E+12,48968.51,48981.96,48956.19,48975.38,8.6238,
1.63E+12,48975.38,48976.31,48953.65,48974.46,14.70677,
1.63E+12,48974.46,49020,48971.66,48986.34,11.50269,
1.63E+12,48986.33,48990.92,48971.66,48971.67,5.32653,
1.63E+12,48971.66,48981.78,48955.34,48956.7,14.07192,
1.63E+12,48956.69,48967.85,48953.6,48956.03,4.18504,
1.63E+12,48956.02,48956.03,48952.35,48952.36,4.12097,
1.63E+12,48952.36,48981.98,48897,48905.57,43.56983,
1.63E+12,48905.57,48918.37,48890,48897.27,24.12157,
1.63E+12,48897.27,48906.78,48882.37,48883.29,10.92346,
1.63E+12,48883.29,48893.93,48859.88,48889.51,19.10395,
1.63E+12,48889.51,48908,48880,48884.68,11.57424,
1.63E+12,48884.69,48924.56,48884,48924.55,10.79039,
1.63E+12,48924.56,48930,48899.05,48929.99,15.35806,
1.63E+12,48930,48934.34,48913.64,48917.46,11.27357,
1.63E+12,48917.46,48926.04,48910,48920.14,12.30673,
1.63E+12,48920.14,48931.14,48894.11,48906.4,12.39043,
1.63E+12,48906.4,48939.81,48906.39,48935.05,8.11773,
1.63E+12,48935.06,48935.06,48910.21,48926.07,15.70291,
1.63E+12,48926.07,48940.55,48907,48938.01,7.28918,
1.63E+12,48938.01,48938.01,48932.1,48933.89,3.26881,
1.63E+12,48935.04,48935.05,48900.3,48911.4,3.74881,
1.63E+12,48911.39,48939.81,48907,48936.73,8.98997,
1.63E+12,48936.73,48936.74,48900,48907.46,6.78621,
1.63E+12,48907.46,48922.44,48900.01,48912.99,6.98938,
1.63E+12,48913,48913,48888.55,48888.56,8.83448,
1.63E+12,48888.56,48888.56,48867.45,48867.46,12.5859,
1.63E+12,48867.45,48869.87,48808.08,48812.39,99.83101,
1.63E+12,48812.39,48814.15,48773.47,48783.34,51.83629,
1.63E+12,48783.35,48815.33,48676.5,48693.53,58.57802,
1.63E+12,48693.52,48766.36,48687.18,48766.35,51.09303,
1.63E+12,48766.35,48780,48714.73,48726.66,38.36547,
1.63E+12,48726.65,48785.71,48721.51,48784.61,23.82198,
1.63E+12,48784.6,48790,48699.85,48729.58,119.34726,
1.63E+12,48729.59,48737.53,48674.36,48674.36,21.45217,
1.63E+12,48674.37,48720.99,48626.49,48665.1,65.205191,
1.63E+12,48665.11,48689.69,48631.78,48647.6,31.63055,
1.63E+12,48647.61,48707.06,48641.25,48670.03,33.58601,
1.63E+12,48670.03,48699.99,48670.02,48694.29,18.70438,
1.63E+12,48694.3,48732.09,48689.82,48729.1,16.0242,
1.63E+12,48729.09,48747.85,48710.66,48743.19,18.4556,
1.63E+12,48745.66,48750,48716.3,48735.61,18.89891,
1.63E+12,48735.62,48770,48726.73,48769.99,12.71442,
1.63E+12,48769.99,48783.18,48760.42,48783.17,20.06615,
1.63E+12,48783.18,48821.55,48775.52,48815.9,30.14433,
1.63E+12,48817.42,48820.01,48789.37,48819.97,24.27449,
1.63E+12,48819.97,48819.98,48800.02,48816.02,12.55315,
1.63E+12,48816.02,48833.44,48810.96,48830.49,15.84589,
1.63E+12,48830.49,48878.29,48819.99,48871.01,27.18636,
1.63E+12,48871.02,48894.68,48857.56,48892.08,17.07375,
1.63E+12,48892.08,48949.42,48888.66,48945.6,33.18189,
1.63E+12,48945.61,48959.18,48905.25,48953.85,41.3765,
1.63E+12,48953.84,48964.02,48922.69,48959.14,19.63537,
1.63E+12,48959.15,48977.08,48943.84,48977.08,20.70027,
1.63E+12,48977.08,48992.91,48965.74,48971.47,28.22074,
1.63E+12,48971.48,49049.99,48957.2,49045.06,75.5755,
1.63E+12,49045.06,49079.84,49035.36,49074.74,30.84698,
1.63E+12,49074.74,49075,49033.71,49069.52,23.53333,
1.63E+12,49069.51,49074.29,49011.82,49034.34,19.34214,
1.63E+12,49034.34,49034.35,48968.38,48993.31,20.24289,
1.63E+12,48993.32,49009.52,48980.75,48990.23,14.48291,
1.63E+12,48990.24,49003.4,48963.61,48963.61,13.01619,
1.63E+12,48963.62,49000,48963.61,48998.38,12.62017,
1.63E+12,48998.38,49005.64,48990.02,48999.76,7.66924,
1.63E+12,48999.77,49006.98,48990,49003.89,8.28059,
1.63E+12,49003.88,49008,48963.19,48965.71,8.20421,
1.63E+12,48963.19,48979.24,48955.06,48976.11,7.56982,
1.63E+12,48979.98,49000,48972.93,49000,6.8812,
1.63E+12,49000,49000,48972.92,48974,6.76446,
1.63E+12,48973.99,48983.39,48962.55,48970.43,5.80662,
1.63E+12,48970.43,48973.7,48962.55,48969.54,5.00198,
1.63E+12,48969.53,48970.44,48943.3,48945.01,8.94899,
1.63E+12,48943.3,48944.45,48914.74,48925.57,13.14452,
1.63E+12,48925.56,48925.58,48918.4,48919.62,8.33299,
1.63E+12,48919.61,48980,48918.42,48962.01,13.2245,
1.63E+12,48962.01,48966.5,48928.42,48930.6,6.94433,
1.63E+12,48930.6,48965.98,48922.23,48960.71,9.67211,
1.63E+12,48960.71,48974.12,48940.76,48955.48,12.59111,
1.63E+12,48955.48,48972.36,48937.67,48972.35,20.22885,
1.63E+12,48972.35,48998.06,48972.35,48993.96,14.53249,
1.63E+12,48993.95,48997.31,48968.62,48997.3,11.34267,
1.63E+12,48997.3,48997.31,48983.92,48996.73,10.81125,
1.63E+12,48996.73,49058.46,48996.72,49058.45,36.64009,
1.63E+12,49058.46,49058.46,49012.92,49017.06,15.41378,
1.63E+12,49017.05,49017.06,48988.28,48997.54,11.50903,
1.63E+12,48997.53,48997.54,48975.51,48978.56,11.61121,
1.63E+12,48978.55,49000,48969.81,48998.19,15.31114,
1.63E+12,48998.2,48998.2,48948.52,48952.16,11.53668,
1.63E+12,48952.16,48960.31,48941.2,48942.02,16.65072,
1.63E+12,48942.03,48960,48937.62,48943.16,19.58287,
1.63E+12,48943.15,48947.14,48930.02,48932.16,14.11902,
1.63E+12,48932.15,48943.17,48917.85,48943.16,9.4716,
1.63E+12,48943.17,48943.17,48921,48923.15,11.22064,
1.63E+12,48923.14,48923.15,48872,48883.52,34.2285,
1.63E+12,48883.53,48893.54,48882.58,48888.95,14.08313,
1.63E+12,48888.95,48888.96,48871.89,48874.21,14.79509,
1.63E+12,48874.2,48880,48869.99,48879.52,7.53294,
1.63E+12,48879.51,48888.88,48854.21,48866.14,20.8384,
1.63E+12,48866.13,48869.99,48845.32,48854.52,29.73959,
1.63E+12,48854.51,48908.1,48854.51,48857.94,28.44878,
1.63E+12,48857.94,48870,48852.21,48852.21,16.84352,
1.63E+12,48852.22,48887.55,48852.21,48887.54,12.04888,
1.63E+12,48887.55,48887.55,48829.58,48874.16,23.4308,
1.63E+12,48874.15,48874.16,48862.86,48874.15,8.36328,
1.63E+12,48874.15,48874.15,48870,48872.01,13.21061,
1.63E+12,48872,48872.01,48840.9,48844.53,9.19064,
1.63E+12,48844.54,48879.86,48840.01,48873.93,14.95865,
1.63E+12,48873.94,48873.94,48832.22,48833.57,6.96984,
1.63E+12,48833.56,48837.56,48829.58,48830,9.91832,
1.63E+12,48830,48853.52,48829.99,48845.87,13.97711,
1.63E+12,48845.87,48847.64,48831.76,48845.56,13.63543,
1.63E+12,48845.55,48870.17,48838.67,48868.07,12.6262,
1.63E+12,48868.08,48880.95,48868.07,48879.13,16.76862,
1.63E+12,48879.13,48880.8,48870.83,48873.09,7.08197,
1.63E+12,48873.08,48900,48842.04,48895.86,16.04351,
1.63E+12,48895.87,48954,48895.86,48954,22.68452,
1.63E+12,48954,48956.76,48922.02,48926.67,9.26608,
1.63E+12,48923.31,48956.77,48905.19,48948.99,13.71848,
1.63E+12,48949,48954.99,48930,48952.07,11.50376,
1.63E+12,48952.06,48952.07,48930.91,48933.63,6.39341,
1.63E+12,48933.63,48982.78,48933.63,48982.78,14.69285,
1.63E+12,48982.78,48984.84,48972.51,48975.61,10.56009,
1.63E+12,48975.62,48975.63,48937.22,48945.91,9.44198,
1.63E+12,48945.9,48952.24,48900.01,48904.37,4.89674,
1.63E+12,48904.36,48914.99,48875.82,48879.51,29.67139,
1.63E+12,48879.5,48884.54,48862.92,48862.93,8.70953,
1.63E+12,48862.92,48876.96,48861.11,48876.95,7.281,
1.63E+12,48876.96,48876.96,48846.59,48846.62,8.98203,
1.63E+12,48846.63,48879.46,48842.78,48872.7,14.28412,
1.63E+12,48872.69,48917.22,48872.69,48883.63,9.80662,
1.63E+12,48881.46,48881.46,48826.98,48826.98,9.44478,
1.63E+12,48826.98,48843.8,48816.08,48816.09,13.52057,
1.63E+12,48816.08,48855,48806.66,48855,16.78694,
1.63E+12,48855,48855,48825.65,48834.7,18.82086,
1.63E+12,48834.7,48860.96,48821.11,48842.9,21.6535,
1.63E+12,48842.89,48900,48840.86,48894.95,26.29231,
1.63E+12,48894.95,48938.21,48894.95,48921.85,15.90873,
1.63E+12,48921.85,48921.85,48878.48,48881.39,10.42245,
1.63E+12,48881.39,48884.64,48867.91,48872.59,5.05469,
1.63E+12,48872.58,48908.5,48872.58,48908.49,9.45343,
1.63E+12,48908.49,48911.64,48885.07,48896.07,8.92274,
1.63E+12,48896.08,48915.45,48873.35,48915.45,10.24681,
1.63E+12,48915.44,48928.35,48891.1,48911.15,18.82214,
1.63E+12,48911.16,48911.16,48889.88,48896.36,12.64507,
1.63E+12,48896.37,48929.58,48896.23,48901.83,32.75472,
1.63E+12,48901.82,48937.24,48901.82,48928.14,16.05052,
1.63E+12,48928.15,48950,48920,48950,11.63457,
1.63E+12,48949.03,48954,48931.18,48953.99,18.47002,
1.63E+12,48954,48985.53,48947.13,48963,32.98195,
1.63E+12,48963,48991.99,48959.84,48961.11,33.23174,
1.63E+12,48961.11,48977.53,48930.01,48947.47,22.7266,
1.63E+12,48947.47,48970.32,48941.75,48950.01,15.78925,
1.63E+12,48950.01,48952.79,48920.33,48925,20.30934,
1.63E+12,48925,48946.57,48920.55,48925.77,15.90132,
1.63E+12,48925.77,48929.45,48913.16,48917.44,13.98898,
1.63E+12,48917.44,48973.28,48917.44,48958.56,20.25477,
1.63E+12,48958.57,48982.42,48950.01,48964.83,15.92064,
1.63E+12,48964.84,48993.46,48964.83,48971,22.49701,
1.63E+12,48971,48989.27,48969.81,48987.24,11.6248,
1.63E+12,48987.24,49060,48987.24,49059.6,56.53991,
1.63E+12,49059.6,49072.07,49021.39,49030.44,55.33581,
1.63E+12,49030.44,49059.92,49019.62,49050.04,17.94253,
1.63E+12,49050.04,49053.88,49021.97,49047.72,20.51058,
1.63E+12,49047.72,49054.58,49039.28,49039.5,7.02784,
1.63E+12,49039.5,49039.5,49003.05,49033.68,28.60622,
1.63E+12,49033.68,49050,49021.35,49046.99,56.00279,
1.63E+12,49047,49059.1,49037.91,49041.31,8.1481,
1.63E+12,49041.3,49051.24,49040.75,49043.21,8.66151,
1.63E+12,49043.22,49043.22,49013.48,49013.48,12.12853,
1.63E+12,49013.49,49013.49,49000.4,49000.83,9.11115,
1.63E+12,49000.82,49033.87,49000.82,49033.13,13.72749,
1.63E+12,49033.12,49037.86,49033.12,49035.79,11.00435,
1.63E+12,49035.8,49035.8,49017.43,49017.44,9.60834,
1.63E+12,49017.44,49027,49012.06,49018.79,11.38921,
1.63E+12,49018.79,49034,49000,49034,17.40417,
1.63E+12,49034,49035.79,49012.08,49024.33,9.89889,
1.63E+12,49024.34,49031.95,49017.34,49019.91,7.80901,
1.63E+12,49019.92,49029.54,49017.38,49028.99,6.61727,
1.63E+12,49029,49030.53,49019.11,49028.61,5.748,
1.63E+12,49028.6,49028.6,49009.45,49009.46,8.17767,
1.63E+12,49009.45,49037.86,49004.11,49019.7,35.42799,
1.63E+12,49019.71,49063,49019.7,49054.33,25.46359,
1.63E+12,49054.33,49054.33,49001.86,49009.01,10.3194,
1.63E+12,49009,49015.54,49002.11,49006.96,7.90287,
1.63E+12,49006.96,49006.97,48970.2,48970.21,10.10389,
1.63E+12,48970.2,48999.54,48962.05,48977.74,10.6514,
1.63E+12,48977.74,48977.75,48951.99,48953.89,9.14573,
1.63E+12,48953.89,48982.65,48953.84,48962.51,11.64497,
1.63E+12,48962.51,48985.32,48961.39,48972.26,7.99329,
1.63E+12,48972.26,48972.26,48958.26,48958.48,7.73398,
1.63E+12,48958.48,48978.11,48952.55,48974.4,8.84648,
1.63E+12,48974.39,48974.4,48951.83,48955.69,9.4565,
1.63E+12,48955.69,48968.84,48951.83,48951.84,4.68936,
1.63E+12,48951.84,48957.92,48950,48955.65,7.48159,
1.63E+12,48955.64,48955.65,48933.51,48937.5,8.62578,
1.63E+12,48937.51,48945,48937.51,48944.58,7.01032,
1.63E+12,48944.58,48944.59,48927.7,48931.17,10.07877,
1.63E+12,48931.17,48931.24,48925.03,48930,11.77412,
1.63E+12,48930,48930,48917.07,48917.13,13.43417,
1.63E+12,48917.12,48917.12,48910.41,48913.43,6.54413,
1.63E+12,48913.43,48938.47,48910.41,48937.02,12.23712,
1.63E+12,48937.01,48949.99,48937.01,48949.94,10.13016,
1.63E+12,48949.94,48962.17,48915.45,48915.46,15.74154,
1.63E+12,48915.45,48919.45,48914.94,48918,7.01705,
1.63E+12,48917.99,48936.54,48915,48935.26,9.34681,
1.63E+12,48935.27,48952.26,48931.79,48931.82,5.78655,
1.63E+12,48931.81,48931.82,48914.96,48914.96,6.62676,
1.63E+12,48914.96,48914.97,48900,48900,12.15856,
1.63E+12,48900.01,48914.52,48900,48902.32,8.87205,
1.63E+12,48902.33,48911.81,48902.32,48907.68,20.05503,
1.63E+12,48907.68,48922.61,48903.47,48916.88,10.49312,
1.63E+12,48916.87,48962.17,48916.87,48958.43,13.94665,
1.63E+12,48958.43,48983.13,48934.83,48980.66,17.60038,
1.63E+12,48980.65,49023.76,48973.72,49023.75,27.67518,
1.63E+12,49023.76,49023.76,48982.46,48989.43,15.35557,
1.63E+12,48989.43,49006.97,48986.48,48994.65,7.08887,
1.63E+12,48994.64,48994.65,48970.56,48990.2,6.78389,
1.63E+12,48990.2,49008.78,48990.19,48993.56,12.10712,
1.63E+12,48993.56,49010,48975.75,48975.76,5.91042,
1.63E+12,48975.77,48978.5,48970,48970.02,5.90185,
1.63E+12,48970.02,48977,48966.78,48966.79,10.83081,
1.63E+12,48966.78,48978.18,48966.78,48973.77,7.77657,
1.63E+12,48973.78,48973.78,48944.69,48952.44,24.9766,
1.63E+12,48952.44,48958.74,48946.73,48948.11,10.48002,
1.63E+12,48948.1,48948.15,48932.3,48936.68,11.90751,
1.63E+12,48936.69,48947.15,48936.68,48947.14,4.87733,
1.63E+12,48947.14,48948.13,48934.08,48940.49,13.85444,
1.63E+12,48940.5,48945.98,48940.49,48940.51,8.80405,
1.63E+12,48940.52,48963.75,48935,48952.92,12.00808,
1.63E+12,48952.91,48955,48940.23,48947.69,6.57619,
1.63E+12,48947.7,48974.16,48942.3,48954.96,15.15591,
1.63E+12,48954.95,48999.99,48947.7,48996.6,11.87529,
1.63E+12,48996.6,49000,48984.32,48984.32,15.69335,
1.63E+12,48984.33,48984.33,48960.44,48960.44,9.54063,
1.63E+12,48960.45,48965.29,48960.44,48962.38,4.54422,
1.63E+12,48962.39,48962.81,48945.97,48945.98,7.28442,
1.63E+12,48945.98,48960.01,48933.17,48956.22,5.96493,
1.63E+12,48956.22,48959.64,48911.05,48911.06,14.00696,
1.63E+12,48911.05,48925.33,48900.21,48913.55,16.99076,
1.63E+12,48913.55,48921.89,48879.93,48888.67,20.72117,
1.63E+12,48888.68,48915.28,48888.67,48910.47,36.36657,
1.63E+12,48910.48,48971.07,48910.48,48957.33,23.60355,
1.63E+12,48957.33,48983.43,48937.88,48973.29,11.55406,
1.63E+12,48973.3,48980,48972.33,48973.03,6.34733,
1.63E+12,48973.03,48999.99,48964.74,48996.59,12.98978,
1.63E+12,48996.59,48997.59,48983.62,48991.2,6.07433,
1.63E+12,48991.21,49013.06,48990.66,49004.65,16.35143,
1.63E+12,49004.65,49068.35,49004.65,49024.86,89.80399,
1.63E+12,49024.85,49060,49024.85,49044.04,16.64418,
1.63E+12,49044.05,49064.09,49032.02,49048.8,23.14266,
1.63E+12,49048.79,49048.8,49014.13,49015.29,13.45266,
1.63E+12,49015.29,49020,49010.01,49014.23,10.03082,
1.63E+12,49014.23,49014.24,48955.47,48955.58,27.53467,
1.63E+12,48955.57,48962.75,48918.01,48930.14,21.98355,
1.63E+12,48930.14,48930.14,48907.2,48907.21,6.66248,
1.63E+12,48907.21,48963.11,48907.2,48921.15,25.46825,
1.63E+12,48921.16,48965.83,48921.15,48956.25,10.99448,
1.63E+12,48956.26,48956.26,48925.81,48934.47,5.71991,
1.63E+12,48934.48,48955.48,48925.81,48947.12,11.37094,
1.63E+12,48947.13,48947.14,48918.93,48936.41,10.80372,
1.63E+12,48936.4,48936.41,48920.01,48920.06,6.62954,
1.63E+12,48920.05,48925.07,48915.48,48921.27,10.05204,
1.63E+12,48921.26,48921.27,48905.4,48913.06,22.39075,
1.63E+12,48913.06,48930.47,48912.21,48921.31,9.98076,
1.63E+12,48921.31,48922.79,48915.54,48920,6.7113,
1.63E+12,48919.99,48962.18,48917.89,48961.06,14.6388,
1.63E+12,48961.06,48961.07,48915.35,48918.64,9.98612,
1.63E+12,48918.65,48937.73,48907,48907,23.87587,
1.63E+12,48907.01,48911.31,48886.38,48887.33,13.88671,
1.63E+12,48887.34,48900,48886.42,48897.18,8.14609,
1.63E+12,48897.18,48897.19,48887.05,48891.14,10.96344,
1.63E+12,48891.13,48895.73,48877,48890.2,32.57196,
1.63E+12,48890.21,48890.21,48868,48869.17,11.42602,
1.63E+12,48869.17,48887.01,48867.77,48887.01,10.8613,
1.63E+12,48887.01,48917.99,48883.89,48888.71,19.10133,
1.63E+12,48888.7,48897.61,48882.78,48882.86,7.50396,
1.63E+12,48882.87,48947.91,48882.86,48926.3,14.94703,
1.63E+12,48926.3,48926.3,48868.69,48894.97,14.87707,
1.63E+12,48892.13,48935.08,48887.45,48935.08,7.467,
1.63E+12,48935.07,48943.13,48919.1,48934.78,11.47002,
1.63E+12,48934.77,48969.03,48919.93,48947.45,37.17106,
1.63E+12,48947.45,48961.94,48936.88,48961.94,12.29676,
1.63E+12,48961.94,48961.94,48935.04,48946.19,11.85768,
1.63E+12,48946.18,48946.19,48944.18,48944.18,4.23768,
1.63E+12,48944.19,48944.19,48925,48925,7.80347,
1.63E+12,48925,48951.78,48923.08,48931.6,17.60243,
1.63E+12,48931.61,48935.17,48919.06,48919.07,9.70391,
1.63E+12,48919.06,48919.07,48900,48900.64,9.22317,
1.63E+12,48900.64,48908.83,48900.63,48901.16,8.54801,
1.63E+12,48901.16,48922.99,48894.36,48894.78,13.45933,
1.63E+12,48894.78,48924.94,48894.77,48916.26,8.93159,
1.63E+12,48916.25,48921,48891.69,48898.74,13.60676,
1.63E+12,48898.74,48918.7,48889.62,48895.03,20.40758,
1.63E+12,48895.03,48909,48892.66,48907.12,11.78071,
1.63E+12,48907.12,48912.54,48900,48906.76,5.77763,
1.63E+12,48906.75,48911.08,48902,48903.56,7.43798,
1.63E+12,48903.56,48945.15,48901.98,48945.15,14.42625,
1.63E+12,48945.14,48948,48919,48923.26,10.59043,
1.63E+12,48923.26,48939.34,48917.1,48922.69,6.02216,
1.63E+12,48922.69,48922.7,48904,48904,16.22352,
1.63E+12,48904,48908.37,48891.01,48894.07,6.64691,
1.63E+12,48894.08,48919.86,48894.07,48897.68,8.27112,
1.63E+12,48897.69,48901.64,48876.98,48884,6.15757,
1.63E+12,48884,48900,48878.63,48887.07,15.57635,
1.63E+12,48887.07,48923.97,48887.07,48921.01,10.5399,
1.63E+12,48921,48928.12,48897.54,48920.49,15.01969,
1.63E+12,48920.49,48928.1,48907.58,48923.67,12.40686,
1.63E+12,48923.66,48929,48918.05,48922.24,11.45908,
1.63E+12,48922.24,48928.01,48920.44,48928.01,8.01567,
1.63E+12,48928.01,48930.97,48922.29,48928,7.85747,
1.63E+12,48927.99,48938.01,48925.09,48935.55,13.21398,
1.63E+12,48935.55,48935.55,48900.01,48902.8,18.01132,
1.63E+12,48902.79,48902.96,48894.07,48894.73,10.17237,
1.63E+12,48894.73,48930,48894.73,48930,16.97606,
1.63E+12,48930,48940.64,48925.55,48935.77,6.79126,
1.63E+12,48935.77,48935.77,48904.96,48909.79,7.51809,
1.63E+12,48909.79,48909.8,48900.34,48900.34,6.00897,
1.63E+12,48900,48900.01,48883.73,48887.35,9.96479,
1.63E+12,48887.35,48887.35,48865.9,48868.81,10.25255,
1.63E+12,48868.82,48868.82,48850.26,48850.26,13.02432,
1.63E+12,48850.27,48859.53,48826.77,48846.24,26.5158,
1.63E+12,48846.24,48883.6,48846.21,48854.06,20.96172,
1.63E+12,48854.06,48867.46,48849.73,48858,13.53446,
1.63E+12,48858,48887.33,48858,48878.99,13.51099,
1.63E+12,48879,48887.33,48871.01,48887.33,15.25625,
1.63E+12,48887.33,48887.33,48870.12,48870.12,6.54054,
1.63E+12,48870.13,48870.13,48826,48830.01,12.51719,
1.63E+12,48830,48855.25,48820,48850.25,21.25939,
1.63E+12,48850.25,48884.99,48850.24,48869.44,19.23267,
1.63E+12,48869.43,48877.37,48851.99,48874.62,13.04277,
1.63E+12,48874.63,48874.63,48851.89,48856.66,9.5322,
1.63E+12,48856.66,48859.99,48843.98,48847.87,23.94476,
1.63E+12,48847.88,48871.15,48847.87,48860.21,16.86958,
1.63E+12,48860.21,48884.74,48860.2,48862.79,12.23095,
1.63E+12,48862.78,48864.95,48851.9,48851.91,9.42387,
1.63E+12,48851.9,48851.91,48828.01,48834.39,24.75196,
1.63E+12,48834.39,48837.77,48789.47,48790,21.17205,
1.63E+12,48790,48819.98,48777,48777,23.02171,
1.63E+12,48777,48787.99,48759.92,48766.7,25.21944,
1.63E+12,48766.69,48800,48761.47,48792.75,30.8521,
1.63E+12,48792.75,48796.84,48756.19,48761.58,16.71733,
1.63E+12,48761.58,48791.28,48758.49,48791.27,25.5793,
1.63E+12,48791.27,48857.14,48789.54,48857.14,32.02072,
1.63E+12,48857.13,48857.14,48820.02,48822.32,20.34181,
1.63E+12,48822.32,48857.13,48822.31,48834.29,12.94882,
1.63E+12,48834.29,48863.04,48832.65,48857.57,12.28656,
1.63E+12,48857.57,48873.63,48835.32,48867.3,12.62775,
1.63E+12,48867.3,48869.96,48846.35,48851.48,14.39292,
1.63E+12,48851.49,48858.44,48786.97,48819.67,27.20911,
1.63E+12,48819.67,48819.67,48789.7,48791.23,33.12611,
1.63E+12,48791.24,48796.72,48760.01,48786.17,19.20984,
1.63E+12,48786.16,48793.79,48737.44,48745.76,38.85771,
1.63E+12,48745.76,48763.35,48742.86,48755.19,18.51312,
1.63E+12,48755.18,48755.23,48730.64,48735,14.28035,
1.63E+12,48735.01,48753.01,48707.98,48720.27,44.07765,
1.63E+12,48720.26,48720.26,48709.59,48718.19,11.84808,
1.63E+12,48718.19,48749.62,48718.19,48746.84,22.36116,
1.63E+12,48746.83,48780,48732.73,48769.14,29.25972,
1.63E+12,48769.14,48769.14,48728.51,48728.51,24.78576,
1.63E+12,48729.35,48789.36,48728.51,48786.77,25.49743,
1.63E+12,48786.77,48820,48780.77,48819.99,18.07776,
1.63E+12,48819.99,48822.64,48784.91,48789.58,22.24519,
1.63E+12,48789.59,48794.38,48758.66,48758.67,11.73295,
1.63E+12,48758.66,48758.67,48726.39,48730.75,12.1271,
1.63E+12,48730.75,48758.66,48722.51,48722.52,25.13683,
1.63E+12,48722.52,48722.6,48692.67,48711.12,17.76657,
1.63E+12,48711.12,48711.12,48691.3,48699.99,26.33129,
1.63E+12,48699.99,48707.41,48678.57,48692.26,51.74911,
1.63E+12,48692.27,48699.55,48677.36,48683.44,19.50089,
1.63E+12,48683.44,48705,48642.86,48690.19,83.6368,
1.63E+12,48690.2,48733.96,48688.3,48728.38,31.53236,
1.63E+12,48728.39,48728.39,48685.74,48696.58,30.19951,
1.63E+12,48696.59,48696.59,48627.31,48647.28,49.51056,
1.63E+12,48647.29,48695.19,48643.53,48688.17,26.6821,
1.63E+12,48688.17,48688.18,48657.31,48684.66,23.61032,
1.63E+12,48684.65,48740,48681.69,48740,46.47763,
1.63E+12,48739.99,48774.74,48739.99,48753.86,35.61842,
1.63E+12,48753.87,48803.46,48742.99,48803.45,30.23254,
1.63E+12,48803.45,48804.44,48766.58,48795.93,19.45378,
1.63E+12,48795.94,48795.94,48742.78,48746.46,24.34584,
1.63E+12,48746.46,48746.46,48712.61,48721.52,6.9029,
1.63E+12,48721.52,48733,48710.11,48710.64,16.94573,
1.63E+12,48710.64,48738.49,48710.63,48718.03,24.30176,
1.63E+12,48718.03,48777.17,48713.54,48751.02,33.02495,
1.63E+12,48751.02,48788.61,48722.82,48739.47,20.32081,
1.63E+12,48739.47,48742.86,48700.69,48700.69,20.77523,
1.63E+12,48700.7,48702.39,48665.17,48674.72,15.01856,
1.63E+12,48670.48,48716.66,48670.47,48708.89,18.45738,
1.63E+12,48708.88,48731.79,48706.62,48713.2,11.31509,
1.63E+12,48713.19,48733.8,48707.48,48733.79,9.72911,
1.63E+12,48733.79,48733.8,48689,48711.99,19.42315,
1.63E+12,48711.99,48711.99,48681.97,48683.43,12.70422,
1.63E+12,48683.42,48683.43,48651.91,48669.54,18.91312,
1.63E+12,48669.55,48700,48667.1,48699.99,14.3358,
1.63E+12,48699.99,48723.89,48675.3,48681.47,28.50869,
1.63E+12,48681.48,48705.98,48676.33,48701.77,15.61628,
1.63E+12,48701.76,48705.93,48697.71,48697.72,6.86273,
1.63E+12,48697.71,48717,48577.47,48630.18,135.72363,
1.63E+12,48630.17,48716.5,48516,48714.28,88.08209,
1.63E+12,48714.27,48866,48714.27,48792.37,86.85618,
1.63E+12,48792.36,48809.45,48752.89,48777.93,27.85277,
1.63E+12,48777.92,48797.37,48729.34,48774.86,18.7195,
1.63E+12,48777.92,48800,48735.07,48800,19.57721,
1.63E+12,48800,48833.08,48795.83,48824.49,29.07843,
1.63E+12,48824.48,48875.25,48800.02,48858.67,27.18749,
1.63E+12,48858.68,48858.68,48823.37,48840.81,21.09922,
1.63E+12,48840.82,48841.42,48823.05,48828.29,12.86281,
1.63E+12,48828.28,48836.65,48825.08,48834.1,9.13335,
1.63E+12,48834.1,48849.94,48794.73,48818.03,24.49806,
1.63E+12,48818.03,48824.06,48794.74,48800,10.96931,
1.63E+12,48799.99,48857.4,48770.55,48850.02,25.6465,
1.63E+12,48850.02,48858,48821.05,48829.44,21.84624,
1.63E+12,48829.45,48838.29,48800.53,48808.28,15.67663,
1.63E+12,48808.28,48813.31,48781.6,48787.65,10.33374,
1.63E+12,48787.64,48787.65,48750,48774.46,22.43374,
1.63E+12,48774.46,48776.63,48734.49,48747.79,19.55808,
1.63E+12,48747.78,48765.97,48725.58,48738.04,16.13219,
1.63E+12,48738.05,48743.92,48694.48,48696.28,17.43181,
1.63E+12,48696.29,48739.82,48692.97,48700,26.67637,
1.63E+12,48700,48704.62,48639,48655,51.62244,
1.63E+12,48655,48699.95,48650.01,48683.73,32.50534,
1.63E+12,48683.74,48693.73,48645.28,48662.36,30.49489,
1.63E+12,48662.37,48700,48662.36,48689.18,23.11572,
1.63E+12,48689.17,48731.9,48684.33,48723.84,23.56519,
1.63E+12,48723.84,49200,48700.01,48857.02,646.73225,
1.63E+12,48857.02,48857.02,48789.47,48809.9,40.22438,
1.63E+12,48809.89,48850,48792,48815.55,38.40722,
1.63E+12,48815.55,48853.03,48805.79,48840.75,34.79724,
1.63E+12,48840.76,48877.02,48821,48859.28,53.0891,
1.63E+12,48859.28,48859.29,48821.66,48824.26,27.67378,
1.63E+12,48824.26,48860,48813.05,48846.21,20.90178,
1.63E+12,48846.2,48875.06,48810.12,48829.11,25.78805,
1.63E+12,48829.12,48885.05,48827.41,48875.99,39.1105,
1.63E+12,48875.99,48914.5,48867.33,48909,26.03854,
1.63E+12,48908.99,48955.45,48908.99,48940.01,29.96677,
1.63E+12,48940,48967.99,48921.65,48945.79,35.84362,
1.63E+12,48945.79,48960.64,48924.05,48954.8,17.96268,
1.63E+12,48954.8,48954.8,48890.31,48893.31,19.80681,
1.63E+12,48893.31,48906.26,48884.18,48900.66,14.66394,
1.63E+12,48900.65,48900.66,48886.78,48888.02,16.18815,
1.63E+12,48888.02,48938.52,48888.01,48920.88,13.21682,
1.63E+12,48920.88,48939.24,48911.71,48918,32.38844,
1.63E+12,48918,48919.33,48874.35,48902.62,27.64784,
1.63E+12,48902.62,48920.51,48887.28,48887.29,14.65022,
1.63E+12,48887.28,48888.17,48878.22,48878.23,12.80857,
1.63E+12,48878.23,48888.16,48866.69,48867.65,19.30191,
1.63E+12,48867.65,48874.67,48866,48866,15.33562,
1.63E+12,48866,48866.01,48842.06,48860.61,21.86935,
1.63E+12,48860.61,48875.73,48859.26,48861.24,14.56739,
1.63E+12,48861.24,48900,48861.24,48871.45,24.7406,
1.63E+12,48871.46,48895.37,48856,48856.01,10.97315,
1.63E+12,48856,48899.58,48847.3,48897,20.17127,
1.63E+12,48897,48906.04,48873.27,48873.78,13.41432,
1.63E+12,48873.78,48880.53,48865.44,48877.36,13.7126,
1.63E+12,48877.36,48878.17,48856,48856,6.98625,
1.63E+12,48856.01,48890,48854.52,48859,13.12922,
1.63E+12,48859,48870.55,48854.31,48861.13,14.34513,
1.63E+12,48861.12,48861.12,48845,48845.01,13.85043,
1.63E+12,48845.01,48845.01,48825.28,48827.83,9.73428,
1.63E+12,48827.83,48854.73,48827.83,48854.73,19.92814,
1.63E+12,48854.72,48854.73,48809.91,48821.31,27.16385,
1.63E+12,48821.31,48838.54,48821.31,48838.53,11.25477,
1.63E+12,48838.54,48851.28,48811.03,48821.31,17.58763,
1.63E+12,48821.3,48824.39,48808.58,48808.59,23.882,
1.63E+12,48808.59,48808.59,48775.79,48785.56,45.05158,
1.63E+12,48785.57,48797.3,48775.26,48797.29,19.7459,
1.63E+12,48794.99,48829.35,48777.4,48777.58,38.81393,
1.63E+12,48777.59,48777.59,48758,48761.6,25.84707,
1.63E+12,48761.6,48769.27,48755.72,48757.05,21.70483,
1.63E+12,48757.04,48787.61,48751.08,48751.08,23.43631,
1.63E+12,48751.08,48761.59,48740.51,48754.97,11.93574,
1.63E+12,48754.98,48790,48736.61,48736.62,13.02593,
1.63E+12,48736.61,48736.62,48711.01,48711.01,20.73101,
1.63E+12,48711.01,48736.1,48711.01,48718.35,18.52447,
1.63E+12,48718.35,48728.74,48718.34,48728.71,6.53065,
1.63E+12,48728.72,48757.58,48728.72,48738.01,15.9577,
1.63E+12,48738.01,48738.01,48723.05,48723.06,6.48473,
1.63E+12,48723.05,48779.98,48723.05,48779.98,17.23814,
1.63E+12,48779.98,48780,48711.3,48711.3,29.40169,
1.63E+12,48711.3,48720.67,48700,48718.93,23.24669,
1.63E+12,48718.92,48766.57,48710.46,48766.57,14.67122,
1.63E+12,48766.56,48784.96,48748.33,48760,17.84518,
1.63E+12,48759.99,48794,48759.99,48793.99,20.06749,
1.63E+12,48794,48814.99,48737.79,48737.8,13.91154,
1.63E+12,48737.8,48772.64,48728.48,48735.67,14.86863,
1.63E+12,48735.67,48764.55,48735.66,48755.64,17.20417,
1.63E+12,48755.64,48784.97,48716.63,48784.97,17.77198,
1.63E+12,48784.96,48784.97,48735.97,48735.97,18.81256,
1.63E+12,48735.97,48758.62,48716.63,48723.05,14.9306,
1.63E+12,48723.05,48740.69,48723.05,48733.94,11.38229,
1.63E+12,48733.94,48759.25,48733.94,48754.47,13.00084,
1.63E+12,48754.46,48754.47,48733.94,48754.43,13.71714,
1.63E+12,48754.43,48759.92,48733.94,48738.54,15.39193,
1.63E+12,48738.53,48758.15,48722.22,48758.15,13.30094,
1.63E+12,48758.15,48800,48753.91,48782.13,28.80581,
1.63E+12,48782.12,48817.45,48752.88,48765.57,32.79296,
1.63E+12,48765.58,48801.73,48731.31,48744.56,24.39414,
1.63E+12,48744.57,48800.29,48740,48741.47,30.65965,
1.63E+12,48741.47,48741.47,48728.5,48732.52,6.34249,
1.63E+12,48732.51,48732.52,48705.39,48710,17.38143,
1.63E+12,48709.99,48727.95,48680,48725.19,62.60979,
1.63E+12,48725.19,48739.6,48712.36,48714.74,12.63402,
1.63E+12,48714.75,48720,48705.94,48714.19,29.17307,
1.63E+12,48714.19,48738.99,48709,48726.18,8.49292,
1.63E+12,48726.18,48726.18,48715,48722.64,4.87527,
1.63E+12,48722.64,48739.26,48722.64,48726.48,11.73815,
1.63E+12,48726.49,48743.11,48724.99,48732.71,13.60223,
1.63E+12,48732.72,48737.01,48697,48697.01,12.19719,
1.63E+12,48697,48697.01,48684.23,48684.24,12.25738,
1.63E+12,48684.23,48684.24,48681.74,48683.72,11.05966,
1.63E+12,48683.71,48694.05,48665.9,48665.9,16.44065,
1.63E+12,48665.79,48665.79,48640.01,48651.2,19.08736,
1.63E+12,48651.19,48668.32,48586.68,48589.9,49.00712,
1.63E+12,48589.89,48607.92,48580,48581.41,25.0175,
1.63E+12,48581.41,48632.32,48580.27,48594.46,42.06961,
1.63E+12,48594.47,48632.01,48594.46,48616.65,13.7511,
1.63E+12,48616.65,48616.65,48600.49,48605.41,10.33412,
1.63E+12,48605.42,48648.79,48600.01,48623.25,18.33305,
1.63E+12,48623.24,48643.86,48609.96,48639.41,10.11037,
1.63E+12,48639.41,48642.87,48613.92,48639.62,22.309,
1.63E+12,48639.61,48639.62,48568.57,48570.98,34.6465,
1.63E+12,48570.98,48607.74,48531,48594.31,57.35177,
1.63E+12,48594.32,48611.18,48569.07,48573.61,21.48681,
1.63E+12,48573.61,48624.13,48537.21,48624.12,50.20166,
1.63E+12,48624.13,48696.96,48624.12,48652.62,37.66908,
1.63E+12,48652.63,48680,48652.62,48663.07,14.59397,
1.63E+12,48663.07,48696.98,48663.07,48683.83,15.76161,
1.63E+12,48683.82,48700,48660.91,48661.49,17.55045,
1.63E+12,48661.49,48665.03,48620.91,48632.58,20.80141,
1.63E+12,48632.59,48645.82,48612.85,48612.86,14.6389,
1.63E+12,48612.85,48635.97,48612.85,48617.12,10.90179,
1.63E+12,48617.13,48642.05,48600.75,48600.75,11.36245,
1.63E+12,48600.76,48600.76,48592.78,48592.79,6.27519,
1.63E+12,48592.79,48596.35,48589.44,48596.34,7.6529,
1.63E+12,48596.34,48623,48596.34,48615.74,10.02152,
1.63E+12,48615.74,48653.92,48590.02,48596.35,23.63968,
1.63E+12,48596.35,48596.35,48565.65,48582.59,20.70115,
1.63E+12,48582.59,48582.6,48540.96,48540.96,15.5103,
1.63E+12,48540.96,48579.45,48500,48579.45,115.15683,
1.63E+12,48579.44,48621.5,48547.22,48552.71,19.45696,
1.63E+12,48552.71,48567.91,48543.44,48567.91,31.09049,
1.63E+12,48567.91,48628.63,48567.91,48617.01,19.31612,
1.63E+12,48617.01,48617.01,48560.54,48572.6,10.05278,
1.63E+12,48572.59,48572.6,48560.57,48567.04,3.32339,
1.63E+12,48567.04,48569.71,48525.82,48531.32,27.15694,
1.63E+12,48531.31,48537.47,48509.99,48516.89,31.82402,
1.63E+12,48516.88,48526.15,48500,48500,16.15281,
1.63E+12,48500,48500.01,48414.84,48422.79,128.54227,
1.63E+12,48422.8,48473.55,48405.5,48421.98,136.56736,
1.63E+12,48421.98,48473.18,48346.88,48470.58,161.10872,
1.63E+12,48466.56,48495.08,48440.52,48485.42,23.33158,
1.63E+12,48487.85,48529.97,48473.81,48529.97,43.80825,
1.63E+12,48529.97,48547.3,48495.61,48540.64,26.47495,
1.63E+12,48540.65,48550,48475,48479.76,27.79615,
1.63E+12,48479.76,48481.85,48433.24,48466.75,33.81351,
1.63E+12,48466.74,48488.39,48452.84,48488.39,32.36851,
1.63E+12,48488.27,48500,48469.96,48499.94,23.02079,
1.63E+12,48499.94,48507.05,48492.89,48503.85,21.60338,
1.63E+12,48503.85,48550,48496.49,48545.6,26.75227,
1.63E+12,48545.59,48575.92,48539.23,48571.04,15.55191,
1.63E+12,48571.05,48619.96,48568.22,48568.23,43.77911,
1.63E+12,48568.23,48570.4,48550,48550.02,18.25106,
1.63E+12,48550.02,48616.96,48550,48604.24,20.05497,
1.63E+12,48604.24,48621.86,48600.01,48619.99,21.613,
1.63E+12,48620,48621.67,48611.56,48618.9,5.31534,
1.63E+12,48618.9,48642.77,48618.89,48642.77,10.45801,
1.63E+12,48642.76,48656.99,48616.76,48646.95,52.8915,
1.63E+12,48646.96,48695.99,48618.09,48695.99,17.41202,
1.63E+12,48695.98,48699.98,48666.1,48696.06,22.19971,
1.63E+12,48696.07,48718.38,48658.11,48718.37,33.35271,
1.63E+12,48718.38,48718.38,48634.25,48634.26,23.25342,
1.63E+12,48634.26,48656.81,48600,48600,24.57057,
1.63E+12,48600,48604.81,48570.73,48580.54,14.0501,
1.63E+12,48580.54,48598.36,48565.66,48570.21,19.05638,
1.63E+12,48570.22,48579.53,48553.12,48562.58,13.54182,
1.63E+12,48562.58,48567,48530.08,48538.76,9.25788,
1.63E+12,48538.75,48564.34,48534.23,48538.65,13.34092,
1.63E+12,48538.64,48538.65,48500.58,48518.11,16.60807,
1.63E+12,48518.11,48538.64,48504.8,48538.63,9.48525,
1.63E+12,48538.63,48576.71,48538.63,48576.07,11.56082,
1.63E+12,48576.06,48653.68,48573.59,48631.16,15.5106,
1.63E+12,48631.16,48653.12,48619.74,48642.07,9.97428,
1.63E+12,48642.07,48679.12,48600.54,48679.12,6.95606,
1.63E+12,48679.11,48679.12,48631.33,48651.82,13.43569,
1.63E+12,48651.82,48655.76,48598.38,48598.41,8.27978,
1.63E+12,48598.4,48605.92,48569.69,48569.83,14.16553,
1.63E+12,48569.83,48590.52,48565.12,48566.48,15.04863,
1.63E+12,48566.48,48586.54,48555.55,48580.65,14.80713,
1.63E+12,48580.65,48592.93,48561.85,48561.85,12.16304,
1.63E+12,48561.86,48569.67,48550,48564.97,8.38616,
1.63E+12,48564.97,48595.42,48562.73,48562.74,13.24421,
1.63E+12,48562.74,48565.48,48535,48546.33,11.23171,
1.63E+12,48546.33,48564.41,48538.25,48561.52,19.07724,
1.63E+12,48561.52,48562.9,48541.95,48544.07,6.19694,
1.63E+12,48544.06,48587,48544.06,48575.95,6.3906,
1.63E+12,48575.95,48575.95,48543.76,48553.23,10.49483,
1.63E+12,48553.23,48553.24,48540,48549.99,18.48163,
1.63E+12,48550,48588.22,48550,48582.12,12.8858,
1.63E+12,48582.11,48606.2,48562.98,48606.2,16.96465,
1.63E+12,48606.19,48633.61,48591.46,48618.77,20.26667,
1.63E+12,48618.77,48660,48618.76,48633.07,20.59814,
1.63E+12,48633.08,48633.97,48603.5,48607.77,6.21025,
1.63E+12,48607.78,48649.4,48584.39,48649.39,21.98221,
1.63E+12,48649.4,48675.54,48640,48671.73,20.45005,
1.63E+12,48671.72,48671.73,48647.03,48661.69,11.347,
1.63E+12,48661.69,48700,48661.69,48670.01,27.02696,
1.63E+12,48670.01,48683,48654,48668.41,18.41133,
1.63E+12,48668.41,48688.01,48659.76,48683.97,7.72365,
1.63E+12,48683.97,48683.97,48643.67,48647.19,9.66803,
1.63E+12,48647.2,48650.01,48632.15,48638.62,10.66868,
1.63E+12,48638.61,48664.33,48632.17,48643.17,5.89993,
1.63E+12,48643.18,48650,48607.03,48649.27,9.04587,
1.63E+12,48649.28,48708.93,48649.27,48706.82,14.54792,
1.63E+12,48706.81,48745.73,48690.44,48729.57,17.24811,
1.63E+12,48729.57,48729.57,48703.12,48703.12,15.2855,
1.63E+12,48703.12,48732.79,48703.12,48728.83,9.77474,
1.63E+12,48725.47,48749.82,48719.5,48747.63,18.68689,
1.63E+12,48749.81,48750,48728.46,48742.11,13.1579,
1.63E+12,48742.11,48743.47,48707.81,48707.82,14.16566,
1.63E+12,48707.81,48719.11,48705.77,48712.52,10.65538,
1.63E+12,48712.52,48765.5,48712.49,48725.97,21.58725,
1.63E+12,48720.86,48777.88,48720,48750.03,34.36942,
1.63E+12,48750.03,48752.14,48727.88,48740.86,14.61057,
1.63E+12,48740.86,48740.87,48735.21,48738.19,7.81538,
1.63E+12,48738.19,48789,48730.01,48785.15,16.46892,
1.63E+12,48785.14,48787.86,48773.98,48784.3,13.64573,
1.63E+12,48785.14,48811.12,48769.98,48811.12,35.07394,
1.63E+12,48811.12,48811.48,48769.36,48783.5,39.19915,
1.63E+12,48783.49,48806.31,48780.82,48801.95,17.38929,
1.63E+12,48801.95,48840.68,48779.99,48840,25.18594,
1.63E+12,48840,48849.44,48810.28,48829.84,29.72072,
1.63E+12,48829.84,48844.55,48801.96,48804.71,18.45509,
1.63E+12,48804.71,48827.88,48772.04,48775.41,21.83562,
1.63E+12,48775.4,48800,48772.89,48774.83,21.01513,
1.63E+12,48774.82,48778.57,48767.02,48778.23,11.86246,
1.63E+12,48778.23,48796.11,48778.23,48795.73,9.61197,
1.63E+12,48795.72,48800,48777.68,48777.69,22.92034,
1.63E+12,48777.68,48777.69,48729,48734.88,19.47463,
1.63E+12,48734.88,48800,48710,48785.51,32.6311,
1.63E+12,48785.5,48837.19,48778.64,48828.93,33.58258,
1.63E+12,48828.94,48830,48817.39,48830,11.95102,
1.63E+12,48829.99,48888,48829.99,48887.46,39.75038,
1.63E+12,48887.47,48888,48853.76,48880.42,17.56337,
1.63E+12,48880.43,48883.46,48857.96,48880.82,11.55551,
1.63E+12,48880.83,48899,48868.39,48873.48,21.61254,
1.63E+12,48873.48,48919.03,48873.48,48910.5,19.12238,
1.63E+12,48910.51,48975.52,48910.46,48968.32,76.66185,
1.63E+12,48968.33,48992.92,48926.18,48949.99,32.71587,
1.63E+12,48949.99,48950.01,48919,48943.86,13.58316,
1.63E+12,48943.86,49032.97,48943.86,48985.78,78.7648,
1.63E+12,48985.79,48995.42,48950.01,48971.55,32.50115,
1.63E+12,48971.54,48974.3,48950.44,48950.44,14.36411,
1.63E+12,48950.44,48987.29,48938,48983.4,28.72176,
1.63E+12,48983.39,48997.38,48960.09,48977.59,20.28037,
1.63E+12,48977.6,49028.47,48973.88,49023.58,22.7554,
1.63E+12,49023.58,49039.37,49004.04,49023.54,43.10739,
1.63E+12,49023.55,49040.2,49023.36,49035.03,31.55424,
1.63E+12,49035.02,49100,49035.02,49083.64,48.28723,
1.63E+12,49083.63,49086.56,49056.87,49069.99,21.76744,
1.63E+12,49070,49083.48,49060.2,49079.99,27.94856,
1.63E+12,49080,49093.04,49076.93,49090,40.39492,
1.63E+12,49089.99,49135,49089.98,49107.96,62.23197,
1.63E+12,49107.96,49140.9,49107.95,49140.89,30.62403,
1.63E+12,49140.89,49172.31,49057,49072.22,73.85879,
1.63E+12,49072.23,49119.06,49043.45,49105.78,25.42338,
1.63E+12,49105.79,49105.79,49036.03,49037.85,18.92032,
1.63E+12,49037.86,49077.7,49023.59,49023.59,21.8154,
1.63E+12,49023.59,49057.99,49014.01,49050.92,24.48452,
1.63E+12,49050.93,49060.79,49011.91,49018.61,26.63056,
1.63E+12,49018.59,49019.19,48981.99,48996.28,29.95988,
1.63E+12,48996.28,49045,48995.49,49011.96,21.20781,
1.63E+12,49011.96,49042.43,49008.6,49036.32,15.77529,
1.63E+12,49036.32,49049,48974.47,48984.07,59.21186,
1.63E+12,48984.07,48993.19,48932.69,48967.21,46.64881,
1.63E+12,48967.21,48981.08,48942.99,48961.53,18.87907,
1.63E+12,48961.53,48985.35,48961.53,48985.35,11.16655,
1.63E+12,48985.34,48985.35,48930,48930,16.84278,
1.63E+12,48930.01,48949.11,48921.74,48939.73,8.93476,
1.63E+12,48939.74,48980.58,48923.91,48973.88,22.84446,
1.63E+12,48975.23,49000,48971.82,48995.98,12.23092,
1.63E+12,48995.98,49020.75,48995.98,49012.58,8.52234,
1.63E+12,49012.58,49013.73,48982.79,48997.87,21.91849,
1.63E+12,48997.87,48997.88,48982.27,48986.12,7.29814,
1.63E+12,48986.13,48986.13,48937.43,48946.08,8.30767,
1.63E+12,48946.08,48988,48944.61,48987.69,4.89753,
1.63E+12,48987.68,48988.63,48955.88,48957.84,29.26916,
1.63E+12,48957.83,48962.65,48956.33,48956.39,10.43711,
1.63E+12,48956.4,49007.86,48956.39,48999.82,17.86218,
1.63E+12,48999.83,49005,48984.39,48999.99,11.02233,
1.63E+12,48999.06,49001.05,48982.61,49000.12,9.86076,
1.63E+12,49000.12,49025,49000.12,49025,20.98685,
1.63E+12,49025,49028.8,48984.9,48993.35,14.65966,
1.63E+12,48993.34,48993.4,48970.22,48980.85,14.29553,
1.63E+12,48980.86,48993.35,48961.3,48961.31,7.50344,
1.63E+12,48961.31,48961.31,48939.29,48939.34,15.92313,
1.63E+12,48939.34,48939.34,48908.4,48917.88,40.82308,
1.63E+12,48917.88,48934.12,48908.39,48916.74,11.17988,
1.63E+12,48916.74,48948.6,48916.74,48948.6,10.64614,
1.63E+12,48948.59,48948.6,48925.54,48931.97,5.75824,
1.63E+12,48931.96,48958,48931.96,48956.31,10.21453,
1.63E+12,48956.3,48993.38,48956.3,48989.99,21.12991,
1.63E+12,48989.99,48995.93,48984.3,48987.56,12.39577,
1.63E+12,48987.56,48997.32,48987.55,48996.33,10.47321,
1.63E+12,48996.34,48998,48985.2,48996.15,7.02349,
1.63E+12,48996.14,48996.14,48962.39,48992.17,12.14367,
1.63E+12,48992.17,48992.18,48964.93,48990,19.05117,
1.63E+12,48990,48990,48931.96,48936.84,16.37423,
1.63E+12,48936.84,48940.99,48910.31,48919.09,15.65651,
1.63E+12,48919.09,48931.19,48909.1,48911.52,15.60882,
1.63E+12,48911.52,48930.95,48907.44,48920.02,7.51665,
1.63E+12,48920.01,48996.92,48920.01,48988.6,44.38761,
1.63E+12,48988.61,48991.28,48971,48987.13,14.68753,
1.63E+12,48987.13,48998.98,48976.41,48987.83,16.5503,
1.63E+12,48987.84,49012.58,48965.55,49012.57,24.69308,
1.63E+12,49012.58,49035.36,49002.62,49035.35,24.58607,
1.63E+12,49035.35,49035.36,48957.7,48961.75,20.62426,
1.63E+12,48964.59,48977.86,48956.59,48972.5,16.93822,
1.63E+12,48972.5,48978.79,48960,48960,14.2553,
1.63E+12,48960,48966.97,48944.75,48944.76,14.99154,
1.63E+12,48944.75,48944.94,48927.72,48931.09,16.88337,
1.63E+12,48931.1,48940.33,48917.5,48917.51,11.73271,
1.63E+12,48917.5,48950,48917.5,48949.99,8.72331,
1.63E+12,48950.81,48981.12,48942.86,48981.12,30.95574,
1.63E+12,48981.11,49005.04,48976.88,49002.2,8.91564,
1.63E+12,49002.19,49003.2,48975,48981.6,12.67658,
1.63E+12,48981.6,49005.03,48969.03,48999.7,7.77898,
1.63E+12,48999.7,49000,48979.87,48979.88,16.15345,
1.63E+12,48979.89,48979.89,48968.29,48970.9,5.5648,
1.63E+12,48970.91,48984.44,48954.74,48959.18,13.09213,
1.63E+12,48959.18,48961.35,48950,48950.01,8.92677,
1.63E+12,48950.01,48970.87,48950,48961.81,6.78051,
1.63E+12,48961.82,48998.08,48961.81,48991.83,14.6919,
1.63E+12,48991.82,48995.34,48980.29,48984.99,6.72332,
1.63E+12,48982.88,48985,48950.76,48967.98,17.18514,
1.63E+12,48967.98,48973.45,48952.46,48952.46,5.64908,
1.63E+12,48952.46,48984.99,48952.46,48974.05,8.33051,
1.63E+12,48970,49000,48970,48974.66,12.51369,
1.63E+12,48974.66,48994.41,48974.65,48982.5,10.45362,
1.63E+12,48982.49,49000,48947.7,49000,12.90564,
1.63E+12,49000,49036.19,48996.06,49036.18,14.00483,
1.63E+12,49036.19,49036.19,49003.03,49014.99,17.45077,
1.63E+12,49015,49015.32,48995,49015.31,8.51876,
1.63E+12,49015.31,49040,49011.87,49011.87,33.86424,
1.63E+12,49011.87,49014.62,49000.44,49000.45,9.30493,
1.63E+12,49000.45,49005.82,48989.03,48989.03,7.83093,
1.63E+12,48989.03,49000,48986.13,48999.97,5.27623,
1.63E+12,48999.97,49015.83,48999.97,49011.31,13.10648,
1.63E+12,49011.3,49035.45,49002.99,49029.02,10.25619,
1.63E+12,49029.02,49040.4,49015.94,49015.94,22.17092,
1.63E+12,49015.96,49035.72,49011.3,49035.71,17.67629,
1.63E+12,49035.72,49055.02,49035.71,49054.35,17.19275,
1.63E+12,49054.34,49092.57,49048.71,49076.62,20.76757,
1.63E+12,49076.62,49094,49070.92,49090.39,17.07505,
1.63E+12,49090.39,49090.4,49063.71,49067.21,9.08443,
1.63E+12,49067.21,49067.22,49041.81,49050,20.98617,
1.63E+12,49050,49052.62,49031.4,49038.63,18.84025,
1.63E+12,49038.62,49044.2,49031.7,49035.04,9.86624,
1.63E+12,49035.04,49041.85,49011.4,49011.4,10.48199,
1.63E+12,49011.4,49013.47,48968.85,48974.36,24.26512,
1.63E+12,48974.37,48974.37,48942.85,48968.54,18.79095,
1.63E+12,48968.54,48993.82,48944.82,48945.95,9.07236,
1.63E+12,48947.62,48961.84,48943.45,48959.59,11.17975,
1.63E+12,48959.59,48996.82,48959.58,48993.58,6.27653,
1.63E+12,48993.57,48994.34,48988.93,48994.32,6.87556,
1.63E+12,48994.31,49000,48956.5,48970.31,19.37222,
1.63E+12,48970,48998.74,48969.99,48989.87,4.94371,
1.63E+12,48989.86,48989.87,48967.11,48970.14,8.09084,
1.63E+12,48970.14,48990,48968.81,48990,7.28664,
1.63E+12,48990,48997.26,48964.01,48964.01,6.0733,
1.63E+12,48964.71,48986.96,48964.01,48980.16,10.7926,
1.63E+12,48980.16,48982.47,48952.52,48952.53,5.29915,
1.63E+12,48952.53,48952.53,48920.04,48924.74,16.53567,
1.63E+12,48924.74,48942.85,48910.19,48932.04,16.88905,
1.63E+12,48932.03,48952.2,48932.03,48948,11.71434,
1.63E+12,48948.01,48960.96,48943.29,48946.14,15.86764,
1.63E+12,48946.15,48946.15,48921.16,48926.97,6.88848,
1.63E+12,48926.98,48950,48925.05,48933.81,5.34447,
1.63E+12,48933.81,48937.94,48900.53,48931.07,12.43835,
1.63E+12,48931.07,48949.99,48931.06,48947.14,30.52008,
1.63E+12,48947.14,48949.99,48934.14,48946.6,5.91813,
1.63E+12,48942.71,48942.72,48933.45,48938.73,3.03917,
1.63E+12,48938.73,48938.74,48902.39,48902.39,8.77542,
1.63E+12,48902.4,48922.1,48902.39,48905.01,11.39128,
1.63E+12,48905,48918.9,48888.15,48888.15,26.35039,
1.63E+12,48887.88,48900,48850,48862.06,16.1652,
1.63E+12,48862.05,48862.06,48829.54,48843.98,18.55404,
1.63E+12,48843.48,48859.9,48840.01,48854.2,11.77969,
1.63E+12,48854.2,48879.31,48854.19,48878.2,11.08978,
1.63E+12,48878.2,48878.22,48854.45,48871.75,17.88255,
1.63E+12,48871.76,48878.22,48852.18,48852.19,5.42582,
1.63E+12,48852.19,48877.16,48850,48877.16,3.95792,
1.63E+12,48877.16,48880.08,48877.15,48877.53,6.98395,
1.63E+12,48877.53,48890,48859.89,48889.99,5.47919,
1.63E+12,48889.99,48898.9,48889.99,48890.27,5.19032,
1.63E+12,48890.27,48890.28,48859.9,48870.15,11.16095,
1.63E+12,48870.15,48889.12,48870.14,48872,7.73515,
1.63E+12,48872.01,48872.01,48850.12,48852.34,5.20588,
1.63E+12,48852.34,48874.39,48850,48851.73,7.80268,
1.63E+12,48851.72,48860,48851.67,48858.26,4.23701,
1.63E+12,48858.26,48890.27,48855.01,48870.01,6.48821,
1.63E+12,48870,48873.8,48851.68,48851.68,6.85759,
1.63E+12,48851.55,48860.4,48850.02,48858.25,12.19131,
1.63E+12,48858.25,48858.26,48844.02,48844.03,22.15216,
1.63E+12,48844.03,48859.63,48791.92,48827.96,41.97227,
1.63E+12,48827.96,48831.17,48800.45,48816.54,14.55743,
1.63E+12,48816.54,48816.57,48750.3,48764.77,18.08926,
1.63E+12,48764.77,48792.59,48754.93,48788.99,8.53846,
1.63E+12,48788.98,48788.98,48732.52,48741.87,20.61358,
1.63E+12,48746.27,48755.26,48700,48711.59,46.60929,
1.63E+12,48711.58,48711.59,48680.24,48682.49,14.23874,
1.63E+12,48682.48,48716.02,48682.48,48691.07,19.02241,
1.63E+12,48691.06,48716.92,48688.41,48714.89,8.4141,
1.63E+12,48714.88,48716.56,48697,48715.64,9.05358,
1.63E+12,48715.64,48737.93,48683.08,48685.49,34.26824,
1.63E+12,48685.5,48700,48680.26,48681.56,17.6183,
1.63E+12,48683.98,48688.85,48667.31,48672.03,36.50698,
1.63E+12,48668.85,48694.97,48611.11,48616.88,71.61841,
1.63E+12,48616.88,48637.58,48609.15,48622.7,12.01651,
1.63E+12,48622.7,48628.32,48550,48601.64,95.82881,
1.63E+12,48601.64,48628.09,48589.22,48620.16,23.63152,
1.63E+12,48620.16,48663.8,48601.95,48651.01,12.81977,
1.63E+12,48650.01,48674.21,48640.1,48647.54,14.33319,
1.63E+12,48647.55,48647.55,48620.79,48637.93,9.69053,
1.63E+12,48637.93,48642.64,48620,48634.16,7.73868,
1.63E+12,48634.16,48678.62,48623.98,48678.61,8.22004,
1.63E+12,48678.62,48727.97,48670.77,48683.39,27.79194,
1.63E+12,48683.4,48683.4,48630.32,48630.55,9.03607,
1.63E+12,48630.55,48630.55,48566.26,48573.98,24.87125,
1.63E+12,48573.98,48592.45,48553.36,48553.36,21.40913,
1.63E+12,48553.37,48595.66,48550,48578.63,12.50783,
1.63E+12,48578.63,48601.11,48564.22,48565.77,11.61713,
1.63E+12,48565.77,48599.58,48554.38,48588.01,20.17004,
1.63E+12,48588.01,48611.8,48588.01,48607.18,12.6431,
1.63E+12,48607.17,48607.18,48594.94,48595.9,6.73363,
1.63E+12,48595.89,48606.79,48560,48560.01,13.21639,
1.63E+12,48560,48568.63,48546.17,48557.33,10.8813,
1.63E+12,48557.32,48588.1,48550.01,48588.09,9.59557,
1.63E+12,48588.1,48588.1,48517.94,48530.01,15.44675,
1.63E+12,48530.02,48550.61,48517.93,48529.62,16.61018,
1.63E+12,48529.62,48557.16,48522.45,48557.15,6.26491,
1.63E+12,48557.15,48634.55,48557.15,48629.9,19.82093,
1.63E+12,48629.91,48649.29,48583.01,48594.61,18.17864,
1.63E+12,48593.28,48597.11,48549.92,48571.16,9.33973,
1.63E+12,48571.17,48571.17,48548.83,48548.84,7.18115,
1.63E+12,48548.84,48588.03,48542.92,48571.67,11.23175,
1.63E+12,48571.67,48614.74,48567.68,48614.74,4.72513,
1.63E+12,48611.63,48620,48560,48578.15,5.4742,
1.63E+12,48578.15,48578.16,48530.6,48535,13.22633,
1.63E+12,48534.99,48550.72,48534.8,48536.71,6.24404,
1.63E+12,48535.4,48542.49,48534.99,48538.91,9.3048,
1.63E+12,48538.91,48538.95,48522.46,48525.11,9.22475,
1.63E+12,48524.88,48529.59,48500,48521.07,27.70252,
1.63E+12,48521.07,48580.93,48500.05,48580.92,20.30512,
1.63E+12,48580.92,48628.01,48569.07,48608.9,11.83079,
1.63E+12,48608.9,48640.21,48608.9,48623.08,23.99081,
1.63E+12,48623.09,48646.74,48607.1,48620.95,12.31581,
1.63E+12,48620.95,48620.95,48584.04,48595.03,12.70376,
1.63E+12,48595.04,48630.53,48591,48622.02,41.80751,
1.63E+12,48622.02,48630.53,48597.18,48607.54,9.42319,
1.63E+12,48607.53,48656.13,48607.46,48656.13,17.49783,
1.63E+12,48656.12,48683.36,48645.54,48650.87,17.09187,
1.63E+12,48650.88,48691.58,48616.61,48655.61,19.72141,
1.63E+12,48657.2,48699.85,48655.64,48699.84,7.97671,
1.63E+12,48699.84,48710.69,48663.11,48680.76,10.19063,
1.63E+12,48680.76,48683.64,48650.07,48656.54,15.73929,
1.63E+12,48656.54,48656.55,48650,48650.01,3.94365,
1.63E+12,48650,48663.15,48646.1,48651.93,9.67537,
1.63E+12,48651.94,48651.94,48615.72,48634.36,16.15358,
1.63E+12,48634.37,48634.37,48602.67,48607.94,16.43157,
1.63E+12,48607.93,48620.58,48580.91,48588.41,23.91099,
1.63E+12,48588.4,48590,48583.52,48590,5.14352,
1.63E+12,48589.99,48607.8,48583.57,48607.79,5.35475,
1.63E+12,48607.8,48616.97,48592.69,48598.54,21.52619,
1.63E+12,48598.54,48621.46,48597.52,48607.92,7.41798,
1.63E+12,48607.91,48636.31,48607.91,48631.43,12.18601,
1.63E+12,48631.43,48636.32,48630.03,48635,5.74975,
1.63E+12,48634.99,48669.95,48634.99,48668.32,6.96336,
1.63E+12,48668.33,48703.89,48668.32,48697.13,16.74061,
1.63E+12,48697.13,48697.14,48679.96,48697.14,11.10287,
1.63E+12,48697.13,48697.14,48675.09,48675.1,6.48605,
1.63E+12,48675.1,48675.1,48661.35,48670.33,7.72591,
